-- Development seed data for community schema
insert into public.profiles (id, username, role) values
  ('00000000-0000-0000-0000-000000000001','alice','admin'),
  ('00000000-0000-0000-0000-000000000002','bob','moderator'),
  ('00000000-0000-0000-0000-000000000003','carol','user')
on conflict do nothing;

insert into public.nests (id, owner_id, name, description, is_private) values
  ('11111111-1111-1111-1111-111111111111','00000000-0000-0000-0000-000000000001','General Nest','Sample community',false),
  ('66666666-6666-6666-6666-666666666666','00000000-0000-0000-0000-000000000001','Private Nest','Private sample community',true)
on conflict do nothing;

insert into public.nest_members (nest_id, profile_id) values
  ('11111111-1111-1111-1111-111111111111','00000000-0000-0000-0000-000000000001'),
  ('11111111-1111-1111-1111-111111111111','00000000-0000-0000-0000-000000000002'),
  ('11111111-1111-1111-1111-111111111111','00000000-0000-0000-0000-000000000003'),
  ('66666666-6666-6666-6666-666666666666','00000000-0000-0000-0000-000000000001'),
  ('66666666-6666-6666-6666-666666666666','00000000-0000-0000-0000-000000000002'),
  ('66666666-6666-6666-6666-666666666666','00000000-0000-0000-0000-000000000003')
on conflict do nothing;

insert into public.threads (id, nest_id, author_id, title) values
  ('22222222-2222-2222-2222-222222222222','11111111-1111-1111-1111-111111111111','00000000-0000-0000-0000-000000000002','Welcome thread'),
  ('77777777-7777-7777-7777-777777777777','66666666-6666-6666-6666-666666666666','00000000-0000-0000-0000-000000000002','Welcome thread')
on conflict do nothing;

insert into public.posts (id, thread_id, author_id, content) values
  ('33333333-3333-3333-3333-333333333333','22222222-2222-2222-2222-222222222222','00000000-0000-0000-0000-000000000003','Hello everyone!'),
  ('44444444-4444-4444-4444-444444444444','22222222-2222-2222-2222-222222222222','00000000-0000-0000-0000-000000000002','Welcome to the nest.'),
  ('88888888-8888-8888-8888-888888888888','77777777-7777-7777-7777-777777777777','00000000-0000-0000-0000-000000000003','Hello everyone!'),
  ('99999999-9999-9999-9999-999999999999','77777777-7777-7777-7777-777777777777','00000000-0000-0000-0000-000000000002','Welcome to the nest.')
on conflict do nothing;

insert into public.flags (id, post_id, reporter_id, reason) values
  ('55555555-5555-5555-5555-555555555555','33333333-3333-3333-3333-333333333333','00000000-0000-0000-0000-000000000002','Off topic')
on conflict do nothing;

